user_id,customer_id,name,email,phone_number
1,926,User_926,user_926@example.com,123-456-926
2,466,User_466,user_466@example.com,123-456-466
3,110,User_110,user_110@example.com,123-456-110
4,142,User_142,user_142@example.com,123-456-142
5,944,User_944,user_944@example.com,123-456-944
6,900,User_900,user_900@example.com,123-456-900
7,458,User_458,user_458@example.com,123-456-458
8,573,User_573,user_573@example.com,123-456-573
9,950,User_950,user_950@example.com,123-456-950
10,728,User_728,user_728@example.com,123-456-728
11,908,User_908,user_908@example.com,123-456-908
12,585,User_585,user_585@example.com,123-456-585
13,227,User_227,user_227@example.com,123-456-227
14,565,User_565,user_565@example.com,123-456-565
15,818,User_818,user_818@example.com,123-456-818
16,751,User_751,user_751@example.com,123-456-751
17,658,User_658,user_658@example.com,123-456-658
18,296,User_296,user_296@example.com,123-456-296
19,681,User_681,user_681@example.com,123-456-681
20,33,User_33,user_33@example.com,123-456-33
21,611,User_611,user_611@example.com,123-456-611
22,988,User_988,user_988@example.com,123-456-988
23,383,User_383,user_383@example.com,123-456-383
24,8,User_8,user_8@example.com,123-456-8
25,497,User_497,user_497@example.com,123-456-497
26,531,User_531,user_531@example.com,123-456-531
27,355,User_355,user_355@example.com,123-456-355
28,570,User_570,user_570@example.com,123-456-570
29,915,User_915,user_915@example.com,123-456-915
30,69,User_69,user_69@example.com,123-456-69
31,343,User_343,user_343@example.com,123-456-343
32,839,User_839,user_839@example.com,123-456-839
33,439,User_439,user_439@example.com,123-456-439
34,590,User_590,user_590@example.com,123-456-590
35,997,User_997,user_997@example.com,123-456-997
36,183,User_183,user_183@example.com,123-456-183
37,815,User_815,user_815@example.com,123-456-815
38,120,User_120,user_120@example.com,123-456-120
39,453,User_453,user_453@example.com,123-456-453
40,416,User_416,user_416@example.com,123-456-416
41,252,User_252,user_252@example.com,123-456-252
42,514,User_514,user_514@example.com,123-456-514
43,410,User_410,user_410@example.com,123-456-410
44,340,User_340,user_340@example.com,123-456-340
45,433,User_433,user_433@example.com,123-456-433
46,864,User_864,user_864@example.com,123-456-864
47,254,User_254,user_254@example.com,123-456-254
48,508,User_508,user_508@example.com,123-456-508
49,599,User_599,user_599@example.com,123-456-599
50,603,User_603,user_603@example.com,123-456-603
51,511,User_511,user_511@example.com,123-456-511
52,477,User_477,user_477@example.com,123-456-477
53,919,User_919,user_919@example.com,123-456-919
54,106,User_106,user_106@example.com,123-456-106
55,757,User_757,user_757@example.com,123-456-757
56,549,User_549,user_549@example.com,123-456-549
57,54,User_54,user_54@example.com,123-456-54
58,421,User_421,user_421@example.com,123-456-421
59,898,User_898,user_898@example.com,123-456-898
60,970,User_970,user_970@example.com,123-456-970
61,639,User_639,user_639@example.com,123-456-639
62,502,User_502,user_502@example.com,123-456-502
63,758,User_758,user_758@example.com,123-456-758
64,645,User_645,user_645@example.com,123-456-645
65,414,User_414,user_414@example.com,123-456-414
66,487,User_487,user_487@example.com,123-456-487
67,656,User_656,user_656@example.com,123-456-656
68,727,User_727,user_727@example.com,123-456-727
69,552,User_552,user_552@example.com,123-456-552
70,894,User_894,user_894@example.com,123-456-894
71,298,User_298,user_298@example.com,123-456-298
72,752,User_752,user_752@example.com,123-456-752
73,486,User_486,user_486@example.com,123-456-486
74,807,User_807,user_807@example.com,123-456-807
75,48,User_48,user_48@example.com,123-456-48
76,606,User_606,user_606@example.com,123-456-606
77,851,User_851,user_851@example.com,123-456-851
78,821,User_821,user_821@example.com,123-456-821
79,50,User_50,user_50@example.com,123-456-50
80,20,User_20,user_20@example.com,123-456-20
81,274,User_274,user_274@example.com,123-456-274
82,185,User_185,user_185@example.com,123-456-185
83,560,User_560,user_560@example.com,123-456-560
84,333,User_333,user_333@example.com,123-456-333
85,740,User_740,user_740@example.com,123-456-740
86,610,User_610,user_610@example.com,123-456-610
87,154,User_154,user_154@example.com,123-456-154
88,917,User_917,user_917@example.com,123-456-917
89,811,User_811,user_811@example.com,123-456-811
90,761,User_761,user_761@example.com,123-456-761
91,170,User_170,user_170@example.com,123-456-170
92,652,User_652,user_652@example.com,123-456-652
93,756,User_756,user_756@example.com,123-456-756
94,418,User_418,user_418@example.com,123-456-418
95,287,User_287,user_287@example.com,123-456-287
96,192,User_192,user_192@example.com,123-456-192
97,976,User_976,user_976@example.com,123-456-976
98,791,User_791,user_791@example.com,123-456-791
99,65,User_65,user_65@example.com,123-456-65
100,665,User_665,user_665@example.com,123-456-665
101,288,User_288,user_288@example.com,123-456-288
102,676,User_676,user_676@example.com,123-456-676
103,604,User_604,user_604@example.com,123-456-604
104,246,User_246,user_246@example.com,123-456-246
105,175,User_175,user_175@example.com,123-456-175
106,706,User_706,user_706@example.com,123-456-706
107,475,User_475,user_475@example.com,123-456-475
108,856,User_856,user_856@example.com,123-456-856
109,507,User_507,user_507@example.com,123-456-507
110,221,User_221,user_221@example.com,123-456-221
111,800,User_800,user_800@example.com,123-456-800
112,975,User_975,user_975@example.com,123-456-975
113,334,User_334,user_334@example.com,123-456-334
114,41,User_41,user_41@example.com,123-456-41
115,569,User_569,user_569@example.com,123-456-569
116,977,User_977,user_977@example.com,123-456-977
117,299,User_299,user_299@example.com,123-456-299
118,835,User_835,user_835@example.com,123-456-835
119,190,User_190,user_190@example.com,123-456-190
120,441,User_441,user_441@example.com,123-456-441
121,859,User_859,user_859@example.com,123-456-859
122,297,User_297,user_297@example.com,123-456-297
123,113,User_113,user_113@example.com,123-456-113
124,469,User_469,user_469@example.com,123-456-469
125,303,User_303,user_303@example.com,123-456-303
126,431,User_431,user_431@example.com,123-456-431
127,533,User_533,user_533@example.com,123-456-533
128,809,User_809,user_809@example.com,123-456-809
129,114,User_114,user_114@example.com,123-456-114
130,321,User_321,user_321@example.com,123-456-321
131,619,User_619,user_619@example.com,123-456-619
132,867,User_867,user_867@example.com,123-456-867
133,551,User_551,user_551@example.com,123-456-551
134,814,User_814,user_814@example.com,123-456-814
135,68,User_68,user_68@example.com,123-456-68
136,849,User_849,user_849@example.com,123-456-849
137,686,User_686,user_686@example.com,123-456-686
138,709,User_709,user_709@example.com,123-456-709
139,489,User_489,user_489@example.com,123-456-489
140,174,User_174,user_174@example.com,123-456-174
141,955,User_955,user_955@example.com,123-456-955
142,707,User_707,user_707@example.com,123-456-707
143,210,User_210,user_210@example.com,123-456-210
144,352,User_352,user_352@example.com,123-456-352
145,962,User_962,user_962@example.com,123-456-962
146,259,User_259,user_259@example.com,123-456-259
147,779,User_779,user_779@example.com,123-456-779
148,672,User_672,user_672@example.com,123-456-672
149,115,User_115,user_115@example.com,123-456-115
150,348,User_348,user_348@example.com,123-456-348
151,450,User_450,user_450@example.com,123-456-450
152,212,User_212,user_212@example.com,123-456-212
153,311,User_311,user_311@example.com,123-456-311
154,320,User_320,user_320@example.com,123-456-320
155,564,User_564,user_564@example.com,123-456-564
156,668,User_668,user_668@example.com,123-456-668
157,365,User_365,user_365@example.com,123-456-365
158,384,User_384,user_384@example.com,123-456-384
159,207,User_207,user_207@example.com,123-456-207
160,471,User_471,user_471@example.com,123-456-471
161,231,User_231,user_231@example.com,123-456-231
162,718,User_718,user_718@example.com,123-456-718
163,78,User_78,user_78@example.com,123-456-78
164,503,User_503,user_503@example.com,123-456-503
165,723,User_723,user_723@example.com,123-456-723
166,194,User_194,user_194@example.com,123-456-194
167,455,User_455,user_455@example.com,123-456-455
168,279,User_279,user_279@example.com,123-456-279
169,817,User_817,user_817@example.com,123-456-817
170,13,User_13,user_13@example.com,123-456-13
171,156,User_156,user_156@example.com,123-456-156
172,413,User_413,user_413@example.com,123-456-413
173,23,User_23,user_23@example.com,123-456-23
174,735,User_735,user_735@example.com,123-456-735
175,440,User_440,user_440@example.com,123-456-440
176,268,User_268,user_268@example.com,123-456-268
177,213,User_213,user_213@example.com,123-456-213
178,819,User_819,user_819@example.com,123-456-819
179,792,User_792,user_792@example.com,123-456-792
180,451,User_451,user_451@example.com,123-456-451
181,850,User_850,user_850@example.com,123-456-850
182,579,User_579,user_579@example.com,123-456-579
183,724,User_724,user_724@example.com,123-456-724
184,984,User_984,user_984@example.com,123-456-984
185,978,User_978,user_978@example.com,123-456-978
186,634,User_634,user_634@example.com,123-456-634
187,790,User_790,user_790@example.com,123-456-790
188,401,User_401,user_401@example.com,123-456-401
189,501,User_501,user_501@example.com,123-456-501
190,591,User_591,user_591@example.com,123-456-591
191,463,User_463,user_463@example.com,123-456-463
192,994,User_994,user_994@example.com,123-456-994
193,798,User_798,user_798@example.com,123-456-798
194,267,User_267,user_267@example.com,123-456-267
195,902,User_902,user_902@example.com,123-456-902
196,473,User_473,user_473@example.com,123-456-473
197,302,User_302,user_302@example.com,123-456-302
198,161,User_161,user_161@example.com,123-456-161
199,30,User_30,user_30@example.com,123-456-30
200,99,User_99,user_99@example.com,123-456-99
201,201,User_201,user_201@example.com,123-456-201
202,881,User_881,user_881@example.com,123-456-881
203,842,User_842,user_842@example.com,123-456-842
204,762,User_762,user_762@example.com,123-456-762
205,283,User_283,user_283@example.com,123-456-283
206,767,User_767,user_767@example.com,123-456-767
207,232,User_232,user_232@example.com,123-456-232
208,631,User_631,user_631@example.com,123-456-631
209,907,User_907,user_907@example.com,123-456-907
210,546,User_546,user_546@example.com,123-456-546
211,58,User_58,user_58@example.com,123-456-58
212,711,User_711,user_711@example.com,123-456-711
213,905,User_905,user_905@example.com,123-456-905
214,699,User_699,user_699@example.com,123-456-699
215,323,User_323,user_323@example.com,123-456-323
216,876,User_876,user_876@example.com,123-456-876
217,76,User_76,user_76@example.com,123-456-76
218,679,User_679,user_679@example.com,123-456-679
219,226,User_226,user_226@example.com,123-456-226
220,356,User_356,user_356@example.com,123-456-356
221,95,User_95,user_95@example.com,123-456-95
222,627,User_627,user_627@example.com,123-456-627
223,361,User_361,user_361@example.com,123-456-361
224,593,User_593,user_593@example.com,123-456-593
225,951,User_951,user_951@example.com,123-456-951
226,34,User_34,user_34@example.com,123-456-34
227,820,User_820,user_820@example.com,123-456-820
228,206,User_206,user_206@example.com,123-456-206
229,164,User_164,user_164@example.com,123-456-164
230,828,User_828,user_828@example.com,123-456-828
231,760,User_760,user_760@example.com,123-456-760
232,554,User_554,user_554@example.com,123-456-554
233,380,User_380,user_380@example.com,123-456-380
234,916,User_916,user_916@example.com,123-456-916
235,945,User_945,user_945@example.com,123-456-945
236,269,User_269,user_269@example.com,123-456-269
237,954,User_954,user_954@example.com,123-456-954
238,513,User_513,user_513@example.com,123-456-513
239,460,User_460,user_460@example.com,123-456-460
240,319,User_319,user_319@example.com,123-456-319
241,921,User_921,user_921@example.com,123-456-921
242,144,User_144,user_144@example.com,123-456-144
243,329,User_329,user_329@example.com,123-456-329
244,96,User_96,user_96@example.com,123-456-96
245,914,User_914,user_914@example.com,123-456-914
246,929,User_929,user_929@example.com,123-456-929
247,233,User_233,user_233@example.com,123-456-233
248,748,User_748,user_748@example.com,123-456-748
249,38,User_38,user_38@example.com,123-456-38
250,146,User_146,user_146@example.com,123-456-146
251,83,User_83,user_83@example.com,123-456-83
252,94,User_94,user_94@example.com,123-456-94
253,442,User_442,user_442@example.com,123-456-442
254,884,User_884,user_884@example.com,123-456-884
255,669,User_669,user_669@example.com,123-456-669
256,684,User_684,user_684@example.com,123-456-684
257,527,User_527,user_527@example.com,123-456-527
258,209,User_209,user_209@example.com,123-456-209
259,972,User_972,user_972@example.com,123-456-972
260,306,User_306,user_306@example.com,123-456-306
261,651,User_651,user_651@example.com,123-456-651
262,172,User_172,user_172@example.com,123-456-172
263,315,User_315,user_315@example.com,123-456-315
264,969,User_969,user_969@example.com,123-456-969
265,693,User_693,user_693@example.com,123-456-693
266,10,User_10,user_10@example.com,123-456-10
267,644,User_644,user_644@example.com,123-456-644
268,417,User_417,user_417@example.com,123-456-417
269,405,User_405,user_405@example.com,123-456-405
270,249,User_249,user_249@example.com,123-456-249
271,609,User_609,user_609@example.com,123-456-609
272,59,User_59,user_59@example.com,123-456-59
273,890,User_890,user_890@example.com,123-456-890
274,191,User_191,user_191@example.com,123-456-191
275,745,User_745,user_745@example.com,123-456-745
276,952,User_952,user_952@example.com,123-456-952
277,342,User_342,user_342@example.com,123-456-342
278,806,User_806,user_806@example.com,123-456-806
279,263,User_263,user_263@example.com,123-456-263
280,37,User_37,user_37@example.com,123-456-37
281,778,User_778,user_778@example.com,123-456-778
282,75,User_75,user_75@example.com,123-456-75
283,889,User_889,user_889@example.com,123-456-889
284,942,User_942,user_942@example.com,123-456-942
285,558,User_558,user_558@example.com,123-456-558
286,149,User_149,user_149@example.com,123-456-149
287,377,User_377,user_377@example.com,123-456-377
288,713,User_713,user_713@example.com,123-456-713
289,189,User_189,user_189@example.com,123-456-189
290,956,User_956,user_956@example.com,123-456-956
291,661,User_661,user_661@example.com,123-456-661
292,640,User_640,user_640@example.com,123-456-640
293,633,User_633,user_633@example.com,123-456-633
294,796,User_796,user_796@example.com,123-456-796
295,600,User_600,user_600@example.com,123-456-600
296,305,User_305,user_305@example.com,123-456-305
297,280,User_280,user_280@example.com,123-456-280
298,617,User_617,user_617@example.com,123-456-617
299,769,User_769,user_769@example.com,123-456-769
300,510,User_510,user_510@example.com,123-456-510
301,270,User_270,user_270@example.com,123-456-270
302,220,User_220,user_220@example.com,123-456-220
303,326,User_326,user_326@example.com,123-456-326
304,29,User_29,user_29@example.com,123-456-29
305,729,User_729,user_729@example.com,123-456-729
306,64,User_64,user_64@example.com,123-456-64
307,715,User_715,user_715@example.com,123-456-715
308,523,User_523,user_523@example.com,123-456-523
309,958,User_958,user_958@example.com,123-456-958
310,250,User_250,user_250@example.com,123-456-250
311,373,User_373,user_373@example.com,123-456-373
312,883,User_883,user_883@example.com,123-456-883
313,364,User_364,user_364@example.com,123-456-364
314,690,User_690,user_690@example.com,123-456-690
315,521,User_521,user_521@example.com,123-456-521
316,385,User_385,user_385@example.com,123-456-385
317,47,User_47,user_47@example.com,123-456-47
318,131,User_131,user_131@example.com,123-456-131
319,702,User_702,user_702@example.com,123-456-702
320,141,User_141,user_141@example.com,123-456-141
321,960,User_960,user_960@example.com,123-456-960
322,794,User_794,user_794@example.com,123-456-794
323,499,User_499,user_499@example.com,123-456-499
324,136,User_136,user_136@example.com,123-456-136
325,132,User_132,user_132@example.com,123-456-132
326,240,User_240,user_240@example.com,123-456-240
327,678,User_678,user_678@example.com,123-456-678
328,716,User_716,user_716@example.com,123-456-716
329,368,User_368,user_368@example.com,123-456-368
330,92,User_92,user_92@example.com,123-456-92
331,100,User_100,user_100@example.com,123-456-100
332,685,User_685,user_685@example.com,123-456-685
333,276,User_276,user_276@example.com,123-456-276
334,336,User_336,user_336@example.com,123-456-336
335,51,User_51,user_51@example.com,123-456-51
336,3,User_3,user_3@example.com,123-456-3
337,35,User_35,user_35@example.com,123-456-35
338,88,User_88,user_88@example.com,123-456-88
339,261,User_261,user_261@example.com,123-456-261
340,235,User_235,user_235@example.com,123-456-235
341,632,User_632,user_632@example.com,123-456-632
342,454,User_454,user_454@example.com,123-456-454
343,437,User_437,user_437@example.com,123-456-437
344,89,User_89,user_89@example.com,123-456-89
345,103,User_103,user_103@example.com,123-456-103
346,464,User_464,user_464@example.com,123-456-464
347,16,User_16,user_16@example.com,123-456-16
348,39,User_39,user_39@example.com,123-456-39
349,159,User_159,user_159@example.com,123-456-159
350,24,User_24,user_24@example.com,123-456-24
351,408,User_408,user_408@example.com,123-456-408
352,750,User_750,user_750@example.com,123-456-750
353,795,User_795,user_795@example.com,123-456-795
354,964,User_964,user_964@example.com,123-456-964
355,959,User_959,user_959@example.com,123-456-959
356,657,User_657,user_657@example.com,123-456-657
357,993,User_993,user_993@example.com,123-456-993
358,726,User_726,user_726@example.com,123-456-726
359,112,User_112,user_112@example.com,123-456-112
360,526,User_526,user_526@example.com,123-456-526
361,316,User_316,user_316@example.com,123-456-316
362,56,User_56,user_56@example.com,123-456-56
363,218,User_218,user_218@example.com,123-456-218
364,71,User_71,user_71@example.com,123-456-71
365,363,User_363,user_363@example.com,123-456-363
366,116,User_116,user_116@example.com,123-456-116
367,605,User_605,user_605@example.com,123-456-605
368,586,User_586,user_586@example.com,123-456-586
369,397,User_397,user_397@example.com,123-456-397
370,478,User_478,user_478@example.com,123-456-478
371,101,User_101,user_101@example.com,123-456-101
372,284,User_284,user_284@example.com,123-456-284
373,833,User_833,user_833@example.com,123-456-833
374,425,User_425,user_425@example.com,123-456-425
375,719,User_719,user_719@example.com,123-456-719
376,285,User_285,user_285@example.com,123-456-285
377,612,User_612,user_612@example.com,123-456-612
378,205,User_205,user_205@example.com,123-456-205
379,941,User_941,user_941@example.com,123-456-941
380,362,User_362,user_362@example.com,123-456-362
381,928,User_928,user_928@example.com,123-456-928
382,215,User_215,user_215@example.com,123-456-215
383,317,User_317,user_317@example.com,123-456-317
384,637,User_637,user_637@example.com,123-456-637
385,253,User_253,user_253@example.com,123-456-253
386,858,User_858,user_858@example.com,123-456-858
387,893,User_893,user_893@example.com,123-456-893
388,379,User_379,user_379@example.com,123-456-379
389,467,User_467,user_467@example.com,123-456-467
390,409,User_409,user_409@example.com,123-456-409
391,909,User_909,user_909@example.com,123-456-909
392,484,User_484,user_484@example.com,123-456-484
393,353,User_353,user_353@example.com,123-456-353
394,556,User_556,user_556@example.com,123-456-556
395,783,User_783,user_783@example.com,123-456-783
396,265,User_265,user_265@example.com,123-456-265
397,140,User_140,user_140@example.com,123-456-140
398,873,User_873,user_873@example.com,123-456-873
399,746,User_746,user_746@example.com,123-456-746
400,844,User_844,user_844@example.com,123-456-844
401,257,User_257,user_257@example.com,123-456-257
402,781,User_781,user_781@example.com,123-456-781
403,4,User_4,user_4@example.com,123-456-4
404,530,User_530,user_530@example.com,123-456-530
405,77,User_77,user_77@example.com,123-456-77
406,178,User_178,user_178@example.com,123-456-178
407,496,User_496,user_496@example.com,123-456-496
408,104,User_104,user_104@example.com,123-456-104
409,845,User_845,user_845@example.com,123-456-845
410,629,User_629,user_629@example.com,123-456-629
411,137,User_137,user_137@example.com,123-456-137
412,435,User_435,user_435@example.com,123-456-435
413,407,User_407,user_407@example.com,123-456-407
414,27,User_27,user_27@example.com,123-456-27
415,15,User_15,user_15@example.com,123-456-15
416,989,User_989,user_989@example.com,123-456-989
417,963,User_963,user_963@example.com,123-456-963
418,675,User_675,user_675@example.com,123-456-675
419,150,User_150,user_150@example.com,123-456-150
420,403,User_403,user_403@example.com,123-456-403
421,923,User_923,user_923@example.com,123-456-923
422,61,User_61,user_61@example.com,123-456-61
423,327,User_327,user_327@example.com,123-456-327
424,127,User_127,user_127@example.com,123-456-127
425,540,User_540,user_540@example.com,123-456-540
426,805,User_805,user_805@example.com,123-456-805
427,461,User_461,user_461@example.com,123-456-461
428,337,User_337,user_337@example.com,123-456-337
429,897,User_897,user_897@example.com,123-456-897
430,943,User_943,user_943@example.com,123-456-943
431,832,User_832,user_832@example.com,123-456-832
432,360,User_360,user_360@example.com,123-456-360
433,286,User_286,user_286@example.com,123-456-286
434,11,User_11,user_11@example.com,123-456-11
435,862,User_862,user_862@example.com,123-456-862
436,708,User_708,user_708@example.com,123-456-708
437,346,User_346,user_346@example.com,123-456-346
438,979,User_979,user_979@example.com,123-456-979
439,147,User_147,user_147@example.com,123-456-147
440,660,User_660,user_660@example.com,123-456-660
441,229,User_229,user_229@example.com,123-456-229
442,509,User_509,user_509@example.com,123-456-509
443,532,User_532,user_532@example.com,123-456-532
444,370,User_370,user_370@example.com,123-456-370
445,918,User_918,user_918@example.com,123-456-918
446,648,User_648,user_648@example.com,123-456-648
447,516,User_516,user_516@example.com,123-456-516
448,614,User_614,user_614@example.com,123-456-614
449,774,User_774,user_774@example.com,123-456-774
450,981,User_981,user_981@example.com,123-456-981
451,642,User_642,user_642@example.com,123-456-642
452,562,User_562,user_562@example.com,123-456-562
453,782,User_782,user_782@example.com,123-456-782
454,107,User_107,user_107@example.com,123-456-107
455,491,User_491,user_491@example.com,123-456-491
456,223,User_223,user_223@example.com,123-456-223
457,920,User_920,user_920@example.com,123-456-920
458,903,User_903,user_903@example.com,123-456-903
459,904,User_904,user_904@example.com,123-456-904
460,200,User_200,user_200@example.com,123-456-200
461,998,User_998,user_998@example.com,123-456-998
462,670,User_670,user_670@example.com,123-456-670
463,80,User_80,user_80@example.com,123-456-80
464,538,User_538,user_538@example.com,123-456-538
465,618,User_618,user_618@example.com,123-456-618
466,688,User_688,user_688@example.com,123-456-688
467,659,User_659,user_659@example.com,123-456-659
468,980,User_980,user_980@example.com,123-456-980
469,176,User_176,user_176@example.com,123-456-176
470,82,User_82,user_82@example.com,123-456-82
471,801,User_801,user_801@example.com,123-456-801
472,338,User_338,user_338@example.com,123-456-338
473,732,User_732,user_732@example.com,123-456-732
474,371,User_371,user_371@example.com,123-456-371
475,243,User_243,user_243@example.com,123-456-243
476,694,User_694,user_694@example.com,123-456-694
477,495,User_495,user_495@example.com,123-456-495
478,721,User_721,user_721@example.com,123-456-721
479,525,User_525,user_525@example.com,123-456-525
480,390,User_390,user_390@example.com,123-456-390
481,536,User_536,user_536@example.com,123-456-536
482,211,User_211,user_211@example.com,123-456-211
483,655,User_655,user_655@example.com,123-456-655
484,428,User_428,user_428@example.com,123-456-428
485,219,User_219,user_219@example.com,123-456-219
486,754,User_754,user_754@example.com,123-456-754
487,630,User_630,user_630@example.com,123-456-630
488,391,User_391,user_391@example.com,123-456-391
489,122,User_122,user_122@example.com,123-456-122
490,17,User_17,user_17@example.com,123-456-17
491,755,User_755,user_755@example.com,123-456-755
492,480,User_480,user_480@example.com,123-456-480
493,138,User_138,user_138@example.com,123-456-138
494,572,User_572,user_572@example.com,123-456-572
495,135,User_135,user_135@example.com,123-456-135
496,32,User_32,user_32@example.com,123-456-32
497,592,User_592,user_592@example.com,123-456-592
498,158,User_158,user_158@example.com,123-456-158
499,537,User_537,user_537@example.com,123-456-537
500,40,User_40,user_40@example.com,123-456-40
501,434,User_434,user_434@example.com,123-456-434
502,465,User_465,user_465@example.com,123-456-465
503,635,User_635,user_635@example.com,123-456-635
504,797,User_797,user_797@example.com,123-456-797
505,626,User_626,user_626@example.com,123-456-626
506,105,User_105,user_105@example.com,123-456-105
507,31,User_31,user_31@example.com,123-456-31
508,712,User_712,user_712@example.com,123-456-712
509,53,User_53,user_53@example.com,123-456-53
510,43,User_43,user_43@example.com,123-456-43
511,429,User_429,user_429@example.com,123-456-429
512,52,User_52,user_52@example.com,123-456-52
513,1000,User_1000,user_1000@example.com,123-456-1000
514,291,User_291,user_291@example.com,123-456-291
515,986,User_986,user_986@example.com,123-456-986
516,28,User_28,user_28@example.com,123-456-28
517,351,User_351,user_351@example.com,123-456-351
518,855,User_855,user_855@example.com,123-456-855
519,927,User_927,user_927@example.com,123-456-927
520,739,User_739,user_739@example.com,123-456-739
521,119,User_119,user_119@example.com,123-456-119
522,878,User_878,user_878@example.com,123-456-878
523,133,User_133,user_133@example.com,123-456-133
524,925,User_925,user_925@example.com,123-456-925
525,730,User_730,user_730@example.com,123-456-730
526,854,User_854,user_854@example.com,123-456-854
527,295,User_295,user_295@example.com,123-456-295
528,673,User_673,user_673@example.com,123-456-673
529,350,User_350,user_350@example.com,123-456-350
530,173,User_173,user_173@example.com,123-456-173
531,971,User_971,user_971@example.com,123-456-971
532,357,User_357,user_357@example.com,123-456-357
533,81,User_81,user_81@example.com,123-456-81
534,541,User_541,user_541@example.com,123-456-541
535,459,User_459,user_459@example.com,123-456-459
536,12,User_12,user_12@example.com,123-456-12
537,519,User_519,user_519@example.com,123-456-519
538,906,User_906,user_906@example.com,123-456-906
539,698,User_698,user_698@example.com,123-456-698
540,70,User_70,user_70@example.com,123-456-70
541,808,User_808,user_808@example.com,123-456-808
542,483,User_483,user_483@example.com,123-456-483
543,625,User_625,user_625@example.com,123-456-625
544,386,User_386,user_386@example.com,123-456-386
545,589,User_589,user_589@example.com,123-456-589
546,196,User_196,user_196@example.com,123-456-196
547,714,User_714,user_714@example.com,123-456-714
548,2,User_2,user_2@example.com,123-456-2
549,517,User_517,user_517@example.com,123-456-517
550,705,User_705,user_705@example.com,123-456-705
551,777,User_777,user_777@example.com,123-456-777
552,375,User_375,user_375@example.com,123-456-375
553,871,User_871,user_871@example.com,123-456-871
554,292,User_292,user_292@example.com,123-456-292
555,966,User_966,user_966@example.com,123-456-966
556,289,User_289,user_289@example.com,123-456-289
557,742,User_742,user_742@example.com,123-456-742
558,203,User_203,user_203@example.com,123-456-203
559,628,User_628,user_628@example.com,123-456-628
560,896,User_896,user_896@example.com,123-456-896
561,601,User_601,user_601@example.com,123-456-601
562,749,User_749,user_749@example.com,123-456-749
563,720,User_720,user_720@example.com,123-456-720
564,598,User_598,user_598@example.com,123-456-598
565,63,User_63,user_63@example.com,123-456-63
566,118,User_118,user_118@example.com,123-456-118
567,411,User_411,user_411@example.com,123-456-411
568,990,User_990,user_990@example.com,123-456-990
569,866,User_866,user_866@example.com,123-456-866
570,446,User_446,user_446@example.com,123-456-446
571,419,User_419,user_419@example.com,123-456-419
572,66,User_66,user_66@example.com,123-456-66
573,9,User_9,user_9@example.com,123-456-9
574,381,User_381,user_381@example.com,123-456-381
575,331,User_331,user_331@example.com,123-456-331
576,518,User_518,user_518@example.com,123-456-518
577,128,User_128,user_128@example.com,123-456-128
578,166,User_166,user_166@example.com,123-456-166
579,666,User_666,user_666@example.com,123-456-666
580,117,User_117,user_117@example.com,123-456-117
581,498,User_498,user_498@example.com,123-456-498
582,91,User_91,user_91@example.com,123-456-91
583,186,User_186,user_186@example.com,123-456-186
584,789,User_789,user_789@example.com,123-456-789
585,936,User_936,user_936@example.com,123-456-936
586,826,User_826,user_826@example.com,123-456-826
587,973,User_973,user_973@example.com,123-456-973
588,838,User_838,user_838@example.com,123-456-838
589,961,User_961,user_961@example.com,123-456-961
590,608,User_608,user_608@example.com,123-456-608
591,400,User_400,user_400@example.com,123-456-400
592,682,User_682,user_682@example.com,123-456-682
593,837,User_837,user_837@example.com,123-456-837
594,870,User_870,user_870@example.com,123-456-870
595,18,User_18,user_18@example.com,123-456-18
596,424,User_424,user_424@example.com,123-456-424
597,983,User_983,user_983@example.com,123-456-983
598,330,User_330,user_330@example.com,123-456-330
599,79,User_79,user_79@example.com,123-456-79
600,187,User_187,user_187@example.com,123-456-187
601,768,User_768,user_768@example.com,123-456-768
602,763,User_763,user_763@example.com,123-456-763
603,444,User_444,user_444@example.com,123-456-444
604,456,User_456,user_456@example.com,123-456-456
605,991,User_991,user_991@example.com,123-456-991
606,880,User_880,user_880@example.com,123-456-880
607,671,User_671,user_671@example.com,123-456-671
608,520,User_520,user_520@example.com,123-456-520
609,393,User_393,user_393@example.com,123-456-393
610,899,User_899,user_899@example.com,123-456-899
611,236,User_236,user_236@example.com,123-456-236
612,743,User_743,user_743@example.com,123-456-743
613,860,User_860,user_860@example.com,123-456-860
614,788,User_788,user_788@example.com,123-456-788
615,470,User_470,user_470@example.com,123-456-470
616,359,User_359,user_359@example.com,123-456-359
617,771,User_771,user_771@example.com,123-456-771
618,804,User_804,user_804@example.com,123-456-804
619,683,User_683,user_683@example.com,123-456-683
620,500,User_500,user_500@example.com,123-456-500
621,548,User_548,user_548@example.com,123-456-548
622,848,User_848,user_848@example.com,123-456-848
623,759,User_759,user_759@example.com,123-456-759
624,741,User_741,user_741@example.com,123-456-741
625,358,User_358,user_358@example.com,123-456-358
626,933,User_933,user_933@example.com,123-456-933
627,242,User_242,user_242@example.com,123-456-242
628,872,User_872,user_872@example.com,123-456-872
629,177,User_177,user_177@example.com,123-456-177
630,492,User_492,user_492@example.com,123-456-492
631,877,User_877,user_877@example.com,123-456-877
632,765,User_765,user_765@example.com,123-456-765
633,704,User_704,user_704@example.com,123-456-704
634,26,User_26,user_26@example.com,123-456-26
635,188,User_188,user_188@example.com,123-456-188
636,544,User_544,user_544@example.com,123-456-544
637,55,User_55,user_55@example.com,123-456-55
638,25,User_25,user_25@example.com,123-456-25
639,770,User_770,user_770@example.com,123-456-770
640,602,User_602,user_602@example.com,123-456-602
641,313,User_313,user_313@example.com,123-456-313
642,700,User_700,user_700@example.com,123-456-700
643,947,User_947,user_947@example.com,123-456-947
644,281,User_281,user_281@example.com,123-456-281
645,310,User_310,user_310@example.com,123-456-310
646,830,User_830,user_830@example.com,123-456-830
647,21,User_21,user_21@example.com,123-456-21
648,443,User_443,user_443@example.com,123-456-443
649,457,User_457,user_457@example.com,123-456-457
650,879,User_879,user_879@example.com,123-456-879
651,244,User_244,user_244@example.com,123-456-244
652,566,User_566,user_566@example.com,123-456-566
653,802,User_802,user_802@example.com,123-456-802
654,258,User_258,user_258@example.com,123-456-258
655,273,User_273,user_273@example.com,123-456-273
656,129,User_129,user_129@example.com,123-456-129
657,73,User_73,user_73@example.com,123-456-73
658,555,User_555,user_555@example.com,123-456-555
659,447,User_447,user_447@example.com,123-456-447
660,474,User_474,user_474@example.com,123-456-474
661,427,User_427,user_427@example.com,123-456-427
662,547,User_547,user_547@example.com,123-456-547
663,646,User_646,user_646@example.com,123-456-646
664,776,User_776,user_776@example.com,123-456-776
665,341,User_341,user_341@example.com,123-456-341
666,160,User_160,user_160@example.com,123-456-160
667,322,User_322,user_322@example.com,123-456-322
668,87,User_87,user_87@example.com,123-456-87
669,995,User_995,user_995@example.com,123-456-995
670,935,User_935,user_935@example.com,123-456-935
671,784,User_784,user_784@example.com,123-456-784
672,225,User_225,user_225@example.com,123-456-225
673,163,User_163,user_163@example.com,123-456-163
674,847,User_847,user_847@example.com,123-456-847
675,217,User_217,user_217@example.com,123-456-217
676,347,User_347,user_347@example.com,123-456-347
677,260,User_260,user_260@example.com,123-456-260
678,493,User_493,user_493@example.com,123-456-493
679,616,User_616,user_616@example.com,123-456-616
680,222,User_222,user_222@example.com,123-456-222
681,300,User_300,user_300@example.com,123-456-300
682,717,User_717,user_717@example.com,123-456-717
683,412,User_412,user_412@example.com,123-456-412
684,490,User_490,user_490@example.com,123-456-490
685,488,User_488,user_488@example.com,123-456-488
686,423,User_423,user_423@example.com,123-456-423
687,485,User_485,user_485@example.com,123-456-485
688,987,User_987,user_987@example.com,123-456-987
689,366,User_366,user_366@example.com,123-456-366
690,744,User_744,user_744@example.com,123-456-744
691,875,User_875,user_875@example.com,123-456-875
692,5,User_5,user_5@example.com,123-456-5
693,578,User_578,user_578@example.com,123-456-578
694,597,User_597,user_597@example.com,123-456-597
695,939,User_939,user_939@example.com,123-456-939
696,74,User_74,user_74@example.com,123-456-74
697,98,User_98,user_98@example.com,123-456-98
698,901,User_901,user_901@example.com,123-456-901
699,650,User_650,user_650@example.com,123-456-650
700,398,User_398,user_398@example.com,123-456-398
701,734,User_734,user_734@example.com,123-456-734
702,301,User_301,user_301@example.com,123-456-301
703,891,User_891,user_891@example.com,123-456-891
704,557,User_557,user_557@example.com,123-456-557
705,472,User_472,user_472@example.com,123-456-472
706,512,User_512,user_512@example.com,123-456-512
707,687,User_687,user_687@example.com,123-456-687
708,653,User_653,user_653@example.com,123-456-653
709,46,User_46,user_46@example.com,123-456-46
710,126,User_126,user_126@example.com,123-456-126
711,432,User_432,user_432@example.com,123-456-432
712,293,User_293,user_293@example.com,123-456-293
713,266,User_266,user_266@example.com,123-456-266
714,318,User_318,user_318@example.com,123-456-318
715,395,User_395,user_395@example.com,123-456-395
716,664,User_664,user_664@example.com,123-456-664
717,607,User_607,user_607@example.com,123-456-607
718,932,User_932,user_932@example.com,123-456-932
719,624,User_624,user_624@example.com,123-456-624
720,934,User_934,user_934@example.com,123-456-934
721,736,User_736,user_736@example.com,123-456-736
722,874,User_874,user_874@example.com,123-456-874
723,622,User_622,user_622@example.com,123-456-622
724,325,User_325,user_325@example.com,123-456-325
725,772,User_772,user_772@example.com,123-456-772
726,184,User_184,user_184@example.com,123-456-184
727,271,User_271,user_271@example.com,123-456-271
728,84,User_84,user_84@example.com,123-456-84
729,662,User_662,user_662@example.com,123-456-662
730,885,User_885,user_885@example.com,123-456-885
731,638,User_638,user_638@example.com,123-456-638
732,882,User_882,user_882@example.com,123-456-882
733,181,User_181,user_181@example.com,123-456-181
734,545,User_545,user_545@example.com,123-456-545
735,44,User_44,user_44@example.com,123-456-44
736,22,User_22,user_22@example.com,123-456-22
737,643,User_643,user_643@example.com,123-456-643
738,865,User_865,user_865@example.com,123-456-865
739,731,User_731,user_731@example.com,123-456-731
740,786,User_786,user_786@example.com,123-456-786
741,374,User_374,user_374@example.com,123-456-374
742,124,User_124,user_124@example.com,123-456-124
743,204,User_204,user_204@example.com,123-456-204
744,613,User_613,user_613@example.com,123-456-613
745,228,User_228,user_228@example.com,123-456-228
746,937,User_937,user_937@example.com,123-456-937
747,691,User_691,user_691@example.com,123-456-691
748,861,User_861,user_861@example.com,123-456-861
749,462,User_462,user_462@example.com,123-456-462
750,224,User_224,user_224@example.com,123-456-224
751,344,User_344,user_344@example.com,123-456-344
752,152,User_152,user_152@example.com,123-456-152
753,696,User_696,user_696@example.com,123-456-696
754,863,User_863,user_863@example.com,123-456-863
755,387,User_387,user_387@example.com,123-456-387
756,674,User_674,user_674@example.com,123-456-674
757,481,User_481,user_481@example.com,123-456-481
758,123,User_123,user_123@example.com,123-456-123
759,887,User_887,user_887@example.com,123-456-887
760,476,User_476,user_476@example.com,123-456-476
761,251,User_251,user_251@example.com,123-456-251
762,747,User_747,user_747@example.com,123-456-747
763,402,User_402,user_402@example.com,123-456-402
764,892,User_892,user_892@example.com,123-456-892
765,332,User_332,user_332@example.com,123-456-332
766,948,User_948,user_948@example.com,123-456-948
767,764,User_764,user_764@example.com,123-456-764
768,452,User_452,user_452@example.com,123-456-452
769,584,User_584,user_584@example.com,123-456-584
770,799,User_799,user_799@example.com,123-456-799
771,45,User_45,user_45@example.com,123-456-45
772,930,User_930,user_930@example.com,123-456-930
773,335,User_335,user_335@example.com,123-456-335
774,86,User_86,user_86@example.com,123-456-86
775,198,User_198,user_198@example.com,123-456-198
776,587,User_587,user_587@example.com,123-456-587
777,924,User_924,user_924@example.com,123-456-924
778,167,User_167,user_167@example.com,123-456-167
779,505,User_505,user_505@example.com,123-456-505
780,111,User_111,user_111@example.com,123-456-111
781,57,User_57,user_57@example.com,123-456-57
782,868,User_868,user_868@example.com,123-456-868
783,378,User_378,user_378@example.com,123-456-378
784,539,User_539,user_539@example.com,123-456-539
785,775,User_775,user_775@example.com,123-456-775
786,697,User_697,user_697@example.com,123-456-697
787,621,User_621,user_621@example.com,123-456-621
788,121,User_121,user_121@example.com,123-456-121
789,649,User_649,user_649@example.com,123-456-649
790,710,User_710,user_710@example.com,123-456-710
791,785,User_785,user_785@example.com,123-456-785
792,171,User_171,user_171@example.com,123-456-171
793,575,User_575,user_575@example.com,123-456-575
794,14,User_14,user_14@example.com,123-456-14
795,949,User_949,user_949@example.com,123-456-949
796,202,User_202,user_202@example.com,123-456-202
797,824,User_824,user_824@example.com,123-456-824
798,940,User_940,user_940@example.com,123-456-940
799,703,User_703,user_703@example.com,123-456-703
800,155,User_155,user_155@example.com,123-456-155
801,583,User_583,user_583@example.com,123-456-583
802,910,User_910,user_910@example.com,123-456-910
803,275,User_275,user_275@example.com,123-456-275
804,247,User_247,user_247@example.com,123-456-247
805,559,User_559,user_559@example.com,123-456-559
806,967,User_967,user_967@example.com,123-456-967
807,738,User_738,user_738@example.com,123-456-738
808,528,User_528,user_528@example.com,123-456-528
809,294,User_294,user_294@example.com,123-456-294
810,6,User_6,user_6@example.com,123-456-6
811,829,User_829,user_829@example.com,123-456-829
812,695,User_695,user_695@example.com,123-456-695
813,328,User_328,user_328@example.com,123-456-328
814,125,User_125,user_125@example.com,123-456-125
815,307,User_307,user_307@example.com,123-456-307
816,214,User_214,user_214@example.com,123-456-214
817,482,User_482,user_482@example.com,123-456-482
818,109,User_109,user_109@example.com,123-456-109
819,216,User_216,user_216@example.com,123-456-216
820,278,User_278,user_278@example.com,123-456-278
821,985,User_985,user_985@example.com,123-456-985
822,567,User_567,user_567@example.com,123-456-567
823,430,User_430,user_430@example.com,123-456-430
824,753,User_753,user_753@example.com,123-456-753
825,787,User_787,user_787@example.com,123-456-787
826,60,User_60,user_60@example.com,123-456-60
827,7,User_7,user_7@example.com,123-456-7
828,831,User_831,user_831@example.com,123-456-831
829,108,User_108,user_108@example.com,123-456-108
830,542,User_542,user_542@example.com,123-456-542
831,677,User_677,user_677@example.com,123-456-677
832,436,User_436,user_436@example.com,123-456-436
833,793,User_793,user_793@example.com,123-456-793
834,324,User_324,user_324@example.com,123-456-324
835,922,User_922,user_922@example.com,123-456-922
836,816,User_816,user_816@example.com,123-456-816
837,392,User_392,user_392@example.com,123-456-392
838,535,User_535,user_535@example.com,123-456-535
839,180,User_180,user_180@example.com,123-456-180
840,582,User_582,user_582@example.com,123-456-582
841,667,User_667,user_667@example.com,123-456-667
842,869,User_869,user_869@example.com,123-456-869
843,647,User_647,user_647@example.com,123-456-647
844,241,User_241,user_241@example.com,123-456-241
845,888,User_888,user_888@example.com,123-456-888
846,886,User_886,user_886@example.com,123-456-886
847,157,User_157,user_157@example.com,123-456-157
848,812,User_812,user_812@example.com,123-456-812
849,846,User_846,user_846@example.com,123-456-846
850,515,User_515,user_515@example.com,123-456-515
851,426,User_426,user_426@example.com,123-456-426
852,388,User_388,user_388@example.com,123-456-388
853,145,User_145,user_145@example.com,123-456-145
854,245,User_245,user_245@example.com,123-456-245
855,134,User_134,user_134@example.com,123-456-134
856,999,User_999,user_999@example.com,123-456-999
857,596,User_596,user_596@example.com,123-456-596
858,810,User_810,user_810@example.com,123-456-810
859,102,User_102,user_102@example.com,123-456-102
860,277,User_277,user_277@example.com,123-456-277
861,524,User_524,user_524@example.com,123-456-524
862,581,User_581,user_581@example.com,123-456-581
863,965,User_965,user_965@example.com,123-456-965
864,308,User_308,user_308@example.com,123-456-308
865,304,User_304,user_304@example.com,123-456-304
866,534,User_534,user_534@example.com,123-456-534
867,852,User_852,user_852@example.com,123-456-852
868,422,User_422,user_422@example.com,123-456-422
869,912,User_912,user_912@example.com,123-456-912
870,853,User_853,user_853@example.com,123-456-853
871,620,User_620,user_620@example.com,123-456-620
872,931,User_931,user_931@example.com,123-456-931
873,438,User_438,user_438@example.com,123-456-438
874,367,User_367,user_367@example.com,123-456-367
875,823,User_823,user_823@example.com,123-456-823
876,272,User_272,user_272@example.com,123-456-272
877,913,User_913,user_913@example.com,123-456-913
878,282,User_282,user_282@example.com,123-456-282
879,574,User_574,user_574@example.com,123-456-574
880,722,User_722,user_722@example.com,123-456-722
881,406,User_406,user_406@example.com,123-456-406
882,49,User_49,user_49@example.com,123-456-49
883,615,User_615,user_615@example.com,123-456-615
884,309,User_309,user_309@example.com,123-456-309
885,153,User_153,user_153@example.com,123-456-153
886,504,User_504,user_504@example.com,123-456-504
887,550,User_550,user_550@example.com,123-456-550
888,996,User_996,user_996@example.com,123-456-996
889,992,User_992,user_992@example.com,123-456-992
890,895,User_895,user_895@example.com,123-456-895
891,339,User_339,user_339@example.com,123-456-339
892,841,User_841,user_841@example.com,123-456-841
893,376,User_376,user_376@example.com,123-456-376
894,42,User_42,user_42@example.com,123-456-42
895,369,User_369,user_369@example.com,123-456-369
896,543,User_543,user_543@example.com,123-456-543
897,256,User_256,user_256@example.com,123-456-256
898,529,User_529,user_529@example.com,123-456-529
899,195,User_195,user_195@example.com,123-456-195
900,563,User_563,user_563@example.com,123-456-563
901,522,User_522,user_522@example.com,123-456-522
902,968,User_968,user_968@example.com,123-456-968
903,399,User_399,user_399@example.com,123-456-399
904,843,User_843,user_843@example.com,123-456-843
905,234,User_234,user_234@example.com,123-456-234
906,85,User_85,user_85@example.com,123-456-85
907,594,User_594,user_594@example.com,123-456-594
908,139,User_139,user_139@example.com,123-456-139
909,448,User_448,user_448@example.com,123-456-448
910,623,User_623,user_623@example.com,123-456-623
911,255,User_255,user_255@example.com,123-456-255
912,179,User_179,user_179@example.com,123-456-179
913,394,User_394,user_394@example.com,123-456-394
914,663,User_663,user_663@example.com,123-456-663
915,19,User_19,user_19@example.com,123-456-19
916,813,User_813,user_813@example.com,123-456-813
917,946,User_946,user_946@example.com,123-456-946
918,654,User_654,user_654@example.com,123-456-654
919,62,User_62,user_62@example.com,123-456-62
920,571,User_571,user_571@example.com,123-456-571
921,248,User_248,user_248@example.com,123-456-248
922,93,User_93,user_93@example.com,123-456-93
923,938,User_938,user_938@example.com,123-456-938
924,230,User_230,user_230@example.com,123-456-230
925,957,User_957,user_957@example.com,123-456-957
926,825,User_825,user_825@example.com,123-456-825
927,506,User_506,user_506@example.com,123-456-506
928,836,User_836,user_836@example.com,123-456-836
929,389,User_389,user_389@example.com,123-456-389
930,354,User_354,user_354@example.com,123-456-354
931,262,User_262,user_262@example.com,123-456-262
932,680,User_680,user_680@example.com,123-456-680
933,766,User_766,user_766@example.com,123-456-766
934,169,User_169,user_169@example.com,123-456-169
935,561,User_561,user_561@example.com,123-456-561
936,857,User_857,user_857@example.com,123-456-857
937,580,User_580,user_580@example.com,123-456-580
938,733,User_733,user_733@example.com,123-456-733
939,840,User_840,user_840@example.com,123-456-840
940,1,User_1,user_1@example.com,123-456-1
941,494,User_494,user_494@example.com,123-456-494
942,290,User_290,user_290@example.com,123-456-290
943,449,User_449,user_449@example.com,123-456-449
944,415,User_415,user_415@example.com,123-456-415
945,576,User_576,user_576@example.com,123-456-576
946,199,User_199,user_199@example.com,123-456-199
947,396,User_396,user_396@example.com,123-456-396
948,725,User_725,user_725@example.com,123-456-725
949,701,User_701,user_701@example.com,123-456-701
950,982,User_982,user_982@example.com,123-456-982
951,773,User_773,user_773@example.com,123-456-773
952,822,User_822,user_822@example.com,123-456-822
953,264,User_264,user_264@example.com,123-456-264
954,148,User_148,user_148@example.com,123-456-148
955,553,User_553,user_553@example.com,123-456-553
956,803,User_803,user_803@example.com,123-456-803
957,67,User_67,user_67@example.com,123-456-67
958,151,User_151,user_151@example.com,123-456-151
959,72,User_72,user_72@example.com,123-456-72
960,588,User_588,user_588@example.com,123-456-588
961,182,User_182,user_182@example.com,123-456-182
962,314,User_314,user_314@example.com,123-456-314
963,349,User_349,user_349@example.com,123-456-349
964,312,User_312,user_312@example.com,123-456-312
965,372,User_372,user_372@example.com,123-456-372
966,238,User_238,user_238@example.com,123-456-238
967,479,User_479,user_479@example.com,123-456-479
968,577,User_577,user_577@example.com,123-456-577
969,641,User_641,user_641@example.com,123-456-641
970,445,User_445,user_445@example.com,123-456-445
971,420,User_420,user_420@example.com,123-456-420
972,97,User_97,user_97@example.com,123-456-97
973,692,User_692,user_692@example.com,123-456-692
974,911,User_911,user_911@example.com,123-456-911
975,568,User_568,user_568@example.com,123-456-568
976,834,User_834,user_834@example.com,123-456-834
977,953,User_953,user_953@example.com,123-456-953
978,827,User_827,user_827@example.com,123-456-827
979,382,User_382,user_382@example.com,123-456-382
980,737,User_737,user_737@example.com,123-456-737
981,143,User_143,user_143@example.com,123-456-143
982,345,User_345,user_345@example.com,123-456-345
983,162,User_162,user_162@example.com,123-456-162
984,404,User_404,user_404@example.com,123-456-404
985,193,User_193,user_193@example.com,123-456-193
986,595,User_595,user_595@example.com,123-456-595
987,130,User_130,user_130@example.com,123-456-130
988,974,User_974,user_974@example.com,123-456-974
989,36,User_36,user_36@example.com,123-456-36
990,636,User_636,user_636@example.com,123-456-636
991,197,User_197,user_197@example.com,123-456-197
992,168,User_168,user_168@example.com,123-456-168
993,165,User_165,user_165@example.com,123-456-165
994,468,User_468,user_468@example.com,123-456-468
995,689,User_689,user_689@example.com,123-456-689
996,780,User_780,user_780@example.com,123-456-780
997,90,User_90,user_90@example.com,123-456-90
998,239,User_239,user_239@example.com,123-456-239
999,237,User_237,user_237@example.com,123-456-237
1000,208,User_208,user_208@example.com,123-456-208
